Workbook

Sheet Datos
A1: Size | B1: B_Comp | C1: B_Swap | D1: B_Time | E1: M_Comp | F1: M_Swap | G1: M_Time | H1: S_Comp | I1: S_Swap | J1: S_Time | K1: Q_Comp | L1: Q_Swap | M1: Q_Time
A2: 100 | B2: 4949 | C2: 2739 | D2: 470160 | E2: 548 | F2: 1344 | G2: 113680 | H2: 639 | I2: 639 | J2: 81720 | K2: 549 | L2: 169 | M2: 92720
A3: 100 | B3: 4845 | C3: 2485 | D3: 419960 | E3: 545 | F3: 1344 | G3: 84630 | H3: 643 | I3: 643 | J3: 76060 | K3: 638 | L3: 157 | M3: 85470
A4: 100 | B4: 4572 | C4: 2180 | D4: 379400 | E4: 542 | F4: 1344 | G4: 85210 | H4: 581 | I4: 581 | J4: 70880 | K4: 645 | L4: 152 | M4: 79990
A5: 100 | B5: 4950 | C5: 2479 | D5: 438690 | E5: 549 | F5: 1344 | G5: 82790 | H5: 641 | I5: 641 | J5: 76010 | K5: 695 | L5: 151 | M5: 79180
A6: 100 | B6: 4940 | C6: 2571 | D6: 437910 | E6: 542 | F6: 1344 | G6: 82010 | H6: 634 | I6: 634 | J6: 73440 | K6: 525 | L6: 153 | M6: 74650
A7: 100 | B7: 4905 | C7: 2611 | D7: 428610 | E7: 544 | F7: 1344 | G7: 83740 | H7: 619 | I7: 619 | J7: 71100 | K7: 548 | L7: 166 | M7: 80640
A8: 100 | B8: 4599 | C8: 2327 | D8: 397080 | E8: 528 | F8: 1344 | G8: 81130 | H8: 601 | I8: 601 | J8: 72270 | K8: 723 | L8: 159 | M8: 84880
A9: 100 | B9: 4779 | C9: 2412 | D9: 411560 | E9: 537 | F9: 1344 | G9: 84600 | H9: 695 | I9: 695 | J9: 76170 | K9: 649 | L9: 154 | M9: 79500
A10: 100 | B10: 4947 | C10: 2668 | D10: 439230 | E10: 538 | F10: 1344 | G10: 81480 | H10: 694 | I10: 694 | J10: 76580 | K10: 598 | L10: 154 | M10: 77230
A11: 100 | B11: 4779 | C11: 2348 | D11: 405700 | E11: 542 | F11: 1344 | G11: 81390 | H11: 551 | I11: 551 | J11: 73150 | K11: 727 | L11: 156 | M11: 103050
A12: 100 | B12: 4914 | C12: 2346 | D12: 579730 | E12: 533 | F12: 1344 | G12: 102470 | H12: 558 | I12: 558 | J12: 66500 | K12: 713 | L12: 166 | M12: 86210
A13: 100 | B13: 4859 | C13: 2254 | D13: 403810 | E13: 542 | F13: 1344 | G13: 79560 | H13: 612 | I13: 612 | J13: 74550 | K13: 737 | L13: 148 | M13: 80810
... A4901: 4900 | B4901: 12000135 | C4901: 5951952 | D4901: 1058090480 | E4901: 53991 | F4901: 120816 | G4901: 6785750 | H4901: 91465 | I4901: 91465 | J4901: 8199320 | K4901: 57573 | L4901: 14382 | M4901: 6225100

Sheet Resumen
A1: Size | B1: B_Comp_avg | C1: M_Comp_avg | D1: S_Comp_avg | E1: Q_Comp_avg | G1: B_Swap_avg | H1: M_Swap_avg | I1: S_Swap_avg | J1: Q_Swap_avg | L1: B_Time_avg | M1: M_Time_avg | N1: S_Time_avg | O1: Q_Time_avg
A2: {=UNIQUE(SORT(Datos!A2:A1000,1,TRUE))} -> 100 | B2: =AVERAGEIF(Datos!$A:$A, $A2, Datos!$B:$B) -> 4866.82 | C2: =AVERAGEIF(Datos!$A:$A, $A2, Datos!$E:$E) -> 542.09 | D2: =AVERAGEIF(Datos!$A:$A, $A2, Datos!$H:$H) -> 642.15 | E2: =AVERAGEIF(Datos!$A:$A, $A2, Datos!$K:$K) -> 640.22 | G2: =AVERAGEIF(Datos!$A:$A, $A2, Datos!$C:$C) -> 2482.41 | H2: =AVERAGEIF(Datos!$A:$A, $A2, Datos!$F:$F) -> 1344 | I2: =AVERAGEIF(Datos!$A:$A, $A2, Datos!$I:$I) -> 642.15 | J2: =AVERAGEIF(Datos!$A:$A, $A2, Datos!$L:$L) -> 155.15 | L2: =AVERAGEIF(Datos!$A:$A, $A2, Datos!$D:$D) -> 430234.5 | M2: =AVERAGEIF(Datos!$A:$A, $A2, Datos!$G:$G) -> 82427.4 | N2: =AVERAGEIF(Datos!$A:$A, $A2, Datos!$J:$J) -> 74614.9 | O2: =AVERAGEIF(Datos!$A:$A, $A2, Datos!$M:$M) -> 81249.5
A3: 200 | B3: =AVERAGEIF(Datos!$A:$A, $A3, Datos!$B:$B) -> 19721.33 | C3: =AVERAGEIF(Datos!$A:$A, $A3, Datos!$E:$E) -> 1281.94 | D3: =AVERAGEIF(Datos!$A:$A, $A3, Datos!$H:$H) -> 1600.77 | E3: =AVERAGEIF(Datos!$A:$A, $A3, Datos!$K:$K) -> 1493.84 | G3: =AVERAGEIF(Datos!$A:$A, $A3, Datos!$C:$C) -> 9909.49 | H3: =AVERAGEIF(Datos!$A:$A, $A3, Datos!$F:$F) -> 3088 | I3: =AVERAGEIF(Datos!$A:$A, $A3, Datos!$I:$I) -> 1600.77 | J3: =AVERAGEIF(Datos!$A:$A, $A3, Datos!$L:$L) -> 356.7 | L3: =AVERAGEIF(Datos!$A:$A, $A3, Datos!$D:$D) -> 1643377.4 | M3: =AVERAGEIF(Datos!$A:$A, $A3, Datos!$G:$G) -> 185763 | N3: =AVERAGEIF(Datos!$A:$A, $A3, Datos!$J:$J) -> 181251.4 | O3: =AVERAGEIF(Datos!$A:$A, $A3, Datos!$M:$M) -> 179177.2
A4: 300 | B4: =AVERAGEIF(Datos!$A:$A, $A4, Datos!$B:$B) -> 44597.19 | C4: =AVERAGEIF(Datos!$A:$A, $A4, Datos!$E:$E) -> 2097.31 | D4: =AVERAGEIF(Datos!$A:$A, $A4, Datos!$H:$H) -> 2456.63 | E4: =AVERAGEIF(Datos!$A:$A, $A4, Datos!$K:$K) -> 2485.12 | G4: =AVERAGEIF(Datos!$A:$A, $A4, Datos!$C:$C) -> 22361.16 | H4: =AVERAGEIF(Datos!$A:$A, $A4, Datos!$F:$F) -> 4976 | I4: =AVERAGEIF(Datos!$A:$A, $A4, Datos!$I:$I) -> 2456.63 | J4: =AVERAGEIF(Datos!$A:$A, $A4, Datos!$L:$L) -> 575.13 | L4: =AVERAGEIF(Datos!$A:$A, $A4, Datos!$D:$D) -> 3628354 | M4: =AVERAGEIF(Datos!$A:$A, $A4, Datos!$G:$G) -> 300761.7 | N4: =AVERAGEIF(Datos!$A:$A, $A4, Datos!$J:$J) -> 284672.2 | O4: =AVERAGEIF(Datos!$A:$A, $A4, Datos!$M:$M) -> 289506.2
A5: 400 | B5: =AVERAGEIF(Datos!$A:$A, $A5, Datos!$B:$B) -> 79394.31 | C5: =AVERAGEIF(Datos!$A:$A, $A5, Datos!$E:$E) -> 2963.27 | D5: =AVERAGEIF(Datos!$A:$A, $A5, Datos!$H:$H) -> 3974.27 | E5: =AVERAGEIF(Datos!$A:$A, $A5, Datos!$K:$K) -> 3508.3 | G5: =AVERAGEIF(Datos!$A:$A, $A5, Datos!$C:$C) -> 39905.54 | H5: =AVERAGEIF(Datos!$A:$A, $A5, Datos!$F:$F) -> 6976 | I5: =AVERAGEIF(Datos!$A:$A, $A5, Datos!$I:$I) -> 3974.27 | J5: =AVERAGEIF(Datos!$A:$A, $A5, Datos!$L:$L) -> 806.19 | L5: =AVERAGEIF(Datos!$A:$A, $A5, Datos!$D:$D) -> 6380932.4 | M5: =AVERAGEIF(Datos!$A:$A, $A5, Datos!$G:$G) -> 408314.6 | N5: =AVERAGEIF(Datos!$A:$A, $A5, Datos!$J:$J) -> 423978 | O5: =AVERAGEIF(Datos!$A:$A, $A5, Datos!$M:$M) -> 393537.4
A6: 500 | B6: =AVERAGEIF(Datos!$A:$A, $A6, Datos!$B:$B) -> 124297.97 | C6: =AVERAGEIF(Datos!$A:$A, $A6, Datos!$E:$E) -> 3854.87 | D6: =AVERAGEIF(Datos!$A:$A, $A6, Datos!$H:$H) -> 4778.35 | E6: =AVERAGEIF(Datos!$A:$A, $A6, Datos!$K:$K) -> 4565.3 | G6: =AVERAGEIF(Datos!$A:$A, $A6, Datos!$C:$C) -> 62414.66 | H6: =AVERAGEIF(Datos!$A:$A, $A6, Datos!$F:$F) -> 8976 | I6: =AVERAGEIF(Datos!$A:$A, $A6, Datos!$I:$I) -> 4778.35 | J6: =AVERAGEIF(Datos!$A:$A, $A6, Datos!$L:$L) -> 1048.67 | L6: =AVERAGEIF(Datos!$A:$A, $A6, Datos!$D:$D) -> 10068532 | M6: =AVERAGEIF(Datos!$A:$A, $A6, Datos!$G:$G) -> 523594.3 | N6: =AVERAGEIF(Datos!$A:$A, $A6, Datos!$J:$J) -> 530310.7 | O6: =AVERAGEIF(Datos!$A:$A, $A6, Datos!$M:$M) -> 506612.6
A7: 600 | B7: =AVERAGEIF(Datos!$A:$A, $A7, Datos!$B:$B) -> 179071.34 | C7: =AVERAGEIF(Datos!$A:$A, $A7, Datos!$E:$E) -> 4792.77 | D7: =AVERAGEIF(Datos!$A:$A, $A7, Datos!$H:$H) -> 5993.62 | E7: =AVERAGEIF(Datos!$A:$A, $A7, Datos!$K:$K) -> 5570.6 | G7: =AVERAGEIF(Datos!$A:$A, $A7, Datos!$C:$C) -> 89665.32 | H7: =AVERAGEIF(Datos!$A:$A, $A7, Datos!$F:$F) -> 11152 | I7: =AVERAGEIF(Datos!$A:$A, $A7, Datos!$I:$I) -> 5993.62 | J7: =AVERAGEIF(Datos!$A:$A, $A7, Datos!$L:$L) -> 1294.42 | L7: =AVERAGEIF(Datos!$A:$A, $A7, Datos!$D:$D) -> 14421023 | M7: =AVERAGEIF(Datos!$A:$A, $A7, Datos!$G:$G) -> 649497 | N7: =AVERAGEIF(Datos!$A:$A, $A7, Datos!$J:$J) -> 661944.8 | O7: =AVERAGEIF(Datos!$A:$A, $A7, Datos!$M:$M) -> 619713.9
A8: 700 | B8: =AVERAGEIF(Datos!$A:$A, $A8, Datos!$B:$B) -> 243932.91 | C8: =AVERAGEIF(Datos!$A:$A, $A8, Datos!$E:$E) -> 5751.77 | D8: =AVERAGEIF(Datos!$A:$A, $A8, Datos!$H:$H) -> 7201.05 | E8: =AVERAGEIF(Datos!$A:$A, $A8, Datos!$K:$K) -> 6695.15 | G8: =AVERAGEIF(Datos!$A:$A, $A8, Datos!$C:$C) -> 122043.28 | H8: =AVERAGEIF(Datos!$A:$A, $A8, Datos!$F:$F) -> 13352 | I8: =AVERAGEIF(Datos!$A:$A, $A8, Datos!$I:$I) -> 7201.05 | J8: =AVERAGEIF(Datos!$A:$A, $A8, Datos!$L:$L) -> 1549.94 | L8: =AVERAGEIF(Datos!$A:$A, $A8, Datos!$D:$D) -> 19684311 | M8: =AVERAGEIF(Datos!$A:$A, $A8, Datos!$G:$G) -> 777794.6 | N8: =AVERAGEIF(Datos!$A:$A, $A8, Datos!$J:$J) -> 800165.5 | O8: =AVERAGEIF(Datos!$A:$A, $A8, Datos!$M:$M) -> 739653.4
A9: 800 | B9: =AVERAGEIF(Datos!$A:$A, $A9, Datos!$B:$B) -> 318621.81 | C9: =AVERAGEIF(Datos!$A:$A, $A9, Datos!$E:$E) -> 6723.17 | D9: =AVERAGEIF(Datos!$A:$A, $A9, Datos!$H:$H) -> 9797.8 | E9: =AVERAGEIF(Datos!$A:$A, $A9, Datos!$K:$K) -> 7891.65 | G9: =AVERAGEIF(Datos!$A:$A, $A9, Datos!$C:$C) -> 159479.53 | H9: =AVERAGEIF(Datos!$A:$A, $A9, Datos!$F:$F) -> 15552 | I9: =AVERAGEIF(Datos!$A:$A, $A9, Datos!$I:$I) -> 9797.8 | J9: =AVERAGEIF(Datos!$A:$A, $A9, Datos!$L:$L) -> 1800.84 | L9: =AVERAGEIF(Datos!$A:$A, $A9, Datos!$D:$D) -> 26162417 | M9: =AVERAGEIF(Datos!$A:$A, $A9, Datos!$G:$G) -> 913308 | N9: =AVERAGEIF(Datos!$A:$A, $A9, Datos!$J:$J) -> 992131 | O9: =AVERAGEIF(Datos!$A:$A, $A9, Datos!$M:$M) -> 865153.8
A10: 900 | B10: =AVERAGEIF(Datos!$A:$A, $A10, Datos!$B:$B) -> 403794.4 | C10: =AVERAGEIF(Datos!$A:$A, $A10, Datos!$E:$E) -> 7712.62 | D10: =AVERAGEIF(Datos!$A:$A, $A10, Datos!$H:$H) -> 11817.01 | E10: =AVERAGEIF(Datos!$A:$A, $A10, Datos!$K:$K) -> 8934.19 | G10: =AVERAGEIF(Datos!$A:$A, $A10, Datos!$C:$C) -> 201841.44 | H10: =AVERAGEIF(Datos!$A:$A, $A10, Datos!$F:$F) -> 17752 | I10: =AVERAGEIF(Datos!$A:$A, $A10, Datos!$I:$I) -> 11817.01 | J10: =AVERAGEIF(Datos!$A:$A, $A10, Datos!$L:$L) -> 2066.4 | L10: =AVERAGEIF(Datos!$A:$A, $A10, Datos!$D:$D) -> 32909873 | M10: =AVERAGEIF(Datos!$A:$A, $A10, Datos!$G:$G) -> 1026032.2 | N10: =AVERAGEIF(Datos!$A:$A, $A10, Datos!$J:$J) -> 1145420.4 | O10: =AVERAGEIF(Datos!$A:$A, $A10, Datos!$M:$M) -> 974343.1
A11: 1000 | B11: =AVERAGEIF(Datos!$A:$A, $A11, Datos!$B:$B) -> 498714.53 | C11: =AVERAGEIF(Datos!$A:$A, $A11, Datos!$E:$E) -> 8708.85 | D11: =AVERAGEIF(Datos!$A:$A, $A11, Datos!$H:$H) -> 11625.71 | E11: =AVERAGEIF(Datos!$A:$A, $A11, Datos!$K:$K) -> 10200.64 | G11: =AVERAGEIF(Datos!$A:$A, $A11, Datos!$C:$C) -> 250697.6 | H11: =AVERAGEIF(Datos!$A:$A, $A11, Datos!$F:$F) -> 19952 | I11: =AVERAGEIF(Datos!$A:$A, $A11, Datos!$I:$I) -> 11625.71 | J11: =AVERAGEIF(Datos!$A:$A, $A11, Datos!$L:$L) -> 2335.07 | L11: =AVERAGEIF(Datos!$A:$A, $A11, Datos!$D:$D) -> 44400117 | M11: =AVERAGEIF(Datos!$A:$A, $A11, Datos!$G:$G) -> 1233641.5 | N11: =AVERAGEIF(Datos!$A:$A, $A11, Datos!$J:$J) -> 1300673.6 | O11: =AVERAGEIF(Datos!$A:$A, $A11, Datos!$M:$M) -> 1163154
A12: 1100 | B12: =AVERAGEIF(Datos!$A:$A, $A12, Datos!$B:$B) -> 603445.24 | C12: =AVERAGEIF(Datos!$A:$A, $A12, Datos!$E:$E) -> 9736.63 | D12: =AVERAGEIF(Datos!$A:$A, $A12, Datos!$H:$H) -> 13120.02 | E12: =AVERAGEIF(Datos!$A:$A, $A12, Datos!$K:$K) -> 11367.34 | G12: =AVERAGEIF(Datos!$A:$A, $A12, Datos!$C:$C) -> 302048.29 | H12: =AVERAGEIF(Datos!$A:$A, $A12, Datos!$F:$F) -> 22304 | I12: =AVERAGEIF(Datos!$A:$A, $A12, Datos!$I:$I) -> 13120.02 | J12: =AVERAGEIF(Datos!$A:$A, $A12, Datos!$L:$L) -> 2604.71 | L12: =AVERAGEIF(Datos!$A:$A, $A12, Datos!$D:$D) -> 50234756 | M12: =AVERAGEIF(Datos!$A:$A, $A12, Datos!$G:$G) -> 1308034.5 | N12: =AVERAGEIF(Datos!$A:$A, $A12, Datos!$J:$J) -> 1388816 | O12: =AVERAGEIF(Datos!$A:$A, $A12, Datos!$M:$M) -> 1221644.7
A13: 1200 | B13: =AVERAGEIF(Datos!$A:$A, $A13, Datos!$B:$B) -> 718271.45 | C13: =AVERAGEIF(Datos!$A:$A, $A13, Datos!$E:$E) -> 10781.29 | D13: =AVERAGEIF(Datos!$A:$A, $A13, Datos!$H:$H) -> 14719.04 | E13: =AVERAGEIF(Datos!$A:$A, $A13, Datos!$K:$K) -> 12699.41 | G13: =AVERAGEIF(Datos!$A:$A, $A13, Datos!$C:$C) -> 360720.36 | H13: =AVERAGEIF(Datos!$A:$A, $A13, Datos!$F:$F) -> 24704 | I13: =AVERAGEIF(Datos!$A:$A, $A13, Datos!$I:$I) -> 14719.04 | J13: =AVERAGEIF(Datos!$A:$A, $A13, Datos!$L:$L) -> 2876.01 | L13: =AVERAGEIF(Datos!$A:$A, $A13, Datos!$D:$D) -> 59687224 | M13: =AVERAGEIF(Datos!$A:$A, $A13, Datos!$G:$G) -> 1432173 | N13: =AVERAGEIF(Datos!$A:$A, $A13, Datos!$J:$J) -> 1708814.4 | O13: =AVERAGEIF(Datos!$A:$A, $A13, Datos!$M:$M) -> 1347416.9
A14: 1300 | B14: =AVERAGEIF(Datos!$A:$A, $A14, Datos!$B:$B) -> 843247.43 | C14: =AVERAGEIF(Datos!$A:$A, $A14, Datos!$E:$E) -> 11836.38 | D14: =AVERAGEIF(Datos!$A:$A, $A14, Datos!$H:$H) -> 17492.51 | E14: =AVERAGEIF(Datos!$A:$A, $A14, Datos!$K:$K) -> 13824.6 | G14: =AVERAGEIF(Datos!$A:$A, $A14, Datos!$C:$C) -> 421855.48 | H14: =AVERAGEIF(Datos!$A:$A, $A14, Datos!$F:$F) -> 27104 | I14: =AVERAGEIF(Datos!$A:$A, $A14, Datos!$I:$I) -> 17492.51 | J14: =AVERAGEIF(Datos!$A:$A, $A14, Datos!$L:$L) -> 3151.51 | L14: =AVERAGEIF(Datos!$A:$A, $A14, Datos!$D:$D) -> 70275173 | M14: =AVERAGEIF(Datos!$A:$A, $A14, Datos!$G:$G) -> 1556334 | N14: =AVERAGEIF(Datos!$A:$A, $A14, Datos!$J:$J) -> 1911575.9 | O14: =AVERAGEIF(Datos!$A:$A, $A14, Datos!$M:$M) -> 1456634.2
... A50: 4900 | B50: =AVERAGEIF(Datos!$A:$A, $A50, Datos!$B:$B) -> 11998178 | C50: =AVERAGEIF(Datos!$A:$A, $A50, Datos!$E:$E) -> 53980.69 | D50: =AVERAGEIF(Datos!$A:$A, $A50, Datos!$H:$H) -> 83406.47 | E50: =AVERAGEIF(Datos!$A:$A, $A50, Datos!$K:$K) -> 62356.54 | G50: =AVERAGEIF(Datos!$A:$A, $A50, Datos!$C:$C) -> 5996640.1 | H50: =AVERAGEIF(Datos!$A:$A, $A50, Datos!$F:$F) -> 120816 | I50: =AVERAGEIF(Datos!$A:$A, $A50, Datos!$I:$I) -> 83406.47 | J50: =AVERAGEIF(Datos!$A:$A, $A50, Datos!$L:$L) -> 14265.68 | L50: =AVERAGEIF(Datos!$A:$A, $A50, Datos!$D:$D) -> 1084537260 | M50: =AVERAGEIF(Datos!$A:$A, $A50, Datos!$G:$G) -> 6812765.8 | N50: =AVERAGEIF(Datos!$A:$A, $A50, Datos!$J:$J) -> 8002034.9 | O50: =AVERAGEIF(Datos!$A:$A, $A50, Datos!$M:$M) -> 6267135.7
